region,currency,factor,factor source,full_version,full_version ~USD,starter_pack,starter_pack ~USD,ecto_vial,ecto_vial ~USD,ecto_jar,ecto_jar ~USD,ecto_barrel,ecto_barrel ~USD,ecto_vault,ecto_vault ~USD,field_kit,field_kit ~USD,laser_spectre,laser_spectre ~USD
AE,AED,0.949,worldbank,17.99,4.73,7.29,1.89,3.79,0.99,10.99,2.74,17.99,4.73,36.99,9.48,7.29,1.89,7.29,1.89
AG,USD,0.89,worldbank,4.49,4.49,1.79,1.79,0.89,0.89,2.69,2.69,4.49,4.49,8.99,8.99,1.79,1.79,1.79,1.79
AL,USD,0.602,worldbank,3.59,2.99,1.43,1.19,0.71,0.59,2.15,1.79,3.59,2.99,7.19,5.99,1.43,1.19,1.43,1.19
AM,USD,0.503,worldbank,2.49,2.49,0.99,0.99,0.49,0.49,1.49,1.49,2.49,2.49,4.99,4.99,0.99,0.99,0.99,0.99
AO,USD,0.431,worldbank,2.19,2.19,0.89,0.89,0.39,0.39,1.29,1.29,2.19,2.19,4.29,4.29,0.89,0.89,0.89,0.89
AR,ARS,0.588,worldbank,4550,3.01,1800,1.19,899,0.59,2700,1.77,4550,3.01,9100,5.98,1800,1.19,1800,1.19
AT,EUR,1.0,worldbank,5.49,4.99,2.09,1.99,1.09,0.99,3.19,2.99,5.49,4.99,10.99,9.99,2.09,1.99,2.09,1.99
AU,AUD,1.0,worldbank,7.99,4.99,3.19,1.99,1.59,0.99,4.69,2.99,7.99,4.99,15.99,9.99,3.19,1.99,3.19,1.99
AW,USD,0.945,worldbank,4.79,4.79,1.89,1.89,0.89,0.89,2.79,2.79,4.79,4.79,9.49,9.49,1.89,1.89,1.89,1.89
AZ,AZN,0.403,worldbank,3.39,1.99,1.29,0.76,0.69,0.40,1.99,1.19,3.39,1.99,6.99,4.11,1.29,0.76,1.29,0.76
BA,USD,0.539,worldbank,2.69,2.69,1.09,1.09,0.49,0.49,1.59,1.59,2.69,2.69,5.49,5.49,1.09,1.09,1.09,1.09
BD,BDT,0.317,worldbank,220,1.57,80,0.55,40,0.26,150,1.07,220,1.57,450,3.21,80,0.55,80,0.55
BE,EUR,1.0,worldbank,5.49,4.99,2.09,1.99,1.09,0.99,3.19,2.99,5.49,4.99,10.99,9.99,2.09,1.99,2.09,1.99
BF,EUR,0.345,worldbank,1.51,1.69,0.62,0.70,0.35,0.39,0.88,0.99,1.51,1.69,3.11,3.49,0.62,0.70,0.62,0.70
BG,EUR,0.497,worldbank,2.69,2.45,1.09,1.04,0.49,0.45,1.59,1.49,2.69,2.45,5.49,4.99,1.09,1.04,1.09,1.04
BH,USD,0.749,worldbank,4.19,3.81,1.59,1.44,0.89,0.81,2.39,2.17,4.19,3.81,7.99,7.26,1.59,1.44,1.59,1.44
BJ,EUR,0.355,worldbank,1.6,1.79,0.62,0.70,0.35,0.39,0.97,1.09,1.6,1.79,3.11,3.49,0.62,0.70,0.62,0.70
BM,USD,1.0,worldbank,4.99,4.99,1.99,1.99,0.99,0.99,2.99,2.99,4.99,4.99,9.99,9.99,1.99,1.99,1.99,1.99
BO,BOB,0.443,worldbank,25.99,2.20,10.99,0.91,5.99,0.49,14.99,1.28,25.99,2.20,52.99,4.41,10.99,0.91,10.99,0.91
BR,BRL,0.558,worldbank,13.99,2.79,5.49,1.09,2.99,0.59,8.49,1.69,13.99,2.79,26.99,5.39,5.49,1.09,5.49,1.09
BS,USD,1.0,worldbank,4.99,4.99,1.99,1.99,0.99,0.99,2.99,2.99,4.99,4.99,9.99,9.99,1.99,1.99,1.99,1.99
BW,USD,0.472,worldbank,2.39,2.39,0.99,0.99,0.49,0.49,1.39,1.39,2.39,2.39,4.79,4.79,0.99,0.99,0.99,0.99
BY,USD,0.4,worldbank,2.39,1.99,0.95,0.79,0.47,0.39,1.43,1.19,2.39,1.99,4.79,3.99,0.95,0.79,0.95,0.79
BZ,USD,0.604,worldbank,2.99,2.99,1.19,1.19,0.59,0.59,1.79,1.79,2.99,2.99,5.99,5.99,1.19,1.19,1.19,1.19
CA,CAD,0.993,worldbank,6.99,4.99,2.79,1.99,1.39,0.99,4.29,2.99,6.99,4.99,13.99,9.99,2.79,1.99,2.79,1.99
CD,USD,0.474,worldbank,2.39,2.39,0.99,0.99,0.49,0.49,1.39,1.39,2.39,2.39,4.79,4.79,0.99,0.99,0.99,0.99
CF,EUR,0.45,worldbank,1.95,2.19,0.79,0.89,0.44,0.50,1.24,1.39,1.95,2.19,4,4.48,0.79,0.89,0.79,0.89
CG,USD,0.423,worldbank,2.19,2.19,0.89,0.89,0.39,0.39,1.29,1.29,2.19,2.19,4.29,4.29,0.89,0.89,0.89,0.89
CH,CHF,1.0,worldbank,4.1,4.99,1.6,1.99,0.8,0.99,2.5,2.99,4.1,4.99,8.3,9.99,1.6,1.99,1.6,1.99
CI,XOF,0.423,worldbank,1500,2.20,600,0.85,250,0.35,900,1.28,1500,2.20,3000,4.34,600,0.85,600,0.85
CL,CLP,0.658,worldbank,3800,3.27,1500,1.30,800,0.66,2300,1.96,3800,3.27,7600,6.55,1500,1.30,1500,1.30
CM,XAF,0.38,worldbank,1300,1.85,550,0.78,250,0.35,750,1.07,1300,1.85,2600,3.71,550,0.78,550,0.78
CO,COP,0.495,worldbank,8000,2.50,3000,0.92,1500,0.50,5000,1.57,8000,2.50,16000,5.00,3000,0.92,3000,0.92
CR,CRC,0.75,worldbank,1700,3.69,680,1.50,360,0.79,990,2.11,1700,3.69,3400,7.55,680,1.50,680,1.50
CV,USD,0.586,worldbank,2.99,2.99,1.19,1.19,0.59,0.59,1.79,1.79,2.99,2.99,5.99,5.99,1.19,1.19,1.19,1.19
CY,EUR,0.9,worldbank,4.79,4.35,1.89,1.80,0.89,0.81,2.89,2.71,4.79,4.35,9.49,8.63,1.89,1.80,1.89,1.80
CZ,CZK,0.867,worldbank,109.99,4.22,43.99,1.75,22.99,0.88,69.99,2.62,109.99,4.22,219.99,8.45,43.99,1.75,43.99,1.75
DE,EUR,1.0,worldbank,5.49,4.99,2.09,1.99,1.09,0.99,3.19,2.99,5.49,4.99,10.99,9.99,2.09,1.99,2.09,1.99
DJ,USD,0.531,worldbank,2.69,2.69,1.09,1.09,0.49,0.49,1.59,1.59,2.69,2.69,5.49,5.49,1.09,1.09,1.09,1.09
DK,DKK,1.0,worldbank,42,4.99,17,1.99,8,0.99,25,2.99,42,4.99,85,9.99,17,1.99,17,1.99
DM,USD,0.654,worldbank,3.29,3.29,1.29,1.29,0.69,0.69,1.99,1.99,3.29,3.29,6.49,6.49,1.29,1.29,1.29,1.29
DO,USD,0.498,worldbank,2.49,2.49,0.99,0.99,0.49,0.49,1.49,1.49,2.49,2.49,4.99,4.99,0.99,0.99,0.99,0.99
DZ,DZD,0.386,worldbank,250,1.85,110,0.80,52,0.41,150,1.12,250,1.85,500,3.70,110,0.80,110,0.80
EC,USD,0.508,worldbank,2.49,2.49,0.99,0.99,0.49,0.49,1.49,1.49,2.49,2.49,4.99,4.99,0.99,0.99,0.99,0.99
EE,EUR,0.897,worldbank,4.99,4.54,1.99,1.81,0.99,0.90,2.99,2.72,4.99,4.54,9.99,9.08,1.99,1.81,1.99,1.81
EG,EGP,0.3,worldbank,88.99,1.48,34.99,0.58,16.99,0.29,52.99,0.88,88.99,1.48,179.99,3.00,34.99,0.58,34.99,0.58
ER,USD,0.3,"no price data; low income, floor",1.49,1.49,0.59,0.59,0.29,0.29,0.89,0.89,1.49,1.49,2.99,2.99,0.59,0.59,0.59,0.59
ES,EUR,0.888,worldbank,4.79,4.35,1.89,1.80,0.99,0.90,2.89,2.71,4.79,4.35,9.49,8.63,1.89,1.80,1.89,1.80
ET,ETB,0.307,worldbank,250,1.56,95,0.63,47,0.31,150,0.90,250,1.56,500,3.12,95,0.63,95,0.63
FI,EUR,0.994,worldbank,5.49,4.99,2.19,1.99,1.09,0.99,3.39,2.99,5.49,4.99,10.99,9.99,2.19,1.99,2.19,1.99
FJ,USD,0.455,worldbank,2.19,2.19,0.89,0.89,0.49,0.49,1.39,1.39,2.19,2.19,4.49,4.49,0.89,0.89,0.89,0.89
FM,USD,0.932,worldbank,4.79,4.79,1.89,1.89,0.89,0.89,2.79,2.79,4.79,4.79,9.49,9.49,1.89,1.89,1.89,1.89
FR,EUR,0.968,worldbank,4.99,4.54,1.99,1.89,1.09,0.99,3.19,2.99,4.99,4.54,9.99,9.08,1.99,1.89,1.99,1.89
GA,EUR,0.554,worldbank,2.49,2.79,0.97,1.09,0.53,0.60,1.51,1.69,2.49,2.79,4.9,5.49,0.97,1.09,0.97,1.09
GB,GBP,0.997,worldbank,4.49,4.99,1.79,1.99,0.89,0.99,2.69,2.99,4.49,4.99,8.99,9.99,1.79,1.99,1.79,1.99
GD,USD,0.695,worldbank,3.49,3.49,1.39,1.39,0.69,0.69,1.99,1.99,3.49,3.49,6.99,6.99,1.39,1.39,1.39,1.39
GE,GEL,0.494,worldbank,8,2.85,3,1.00,1,0.33,5,1.66,8,2.85,14,4.82,3,1.00,3,1.00
GH,GHS,0.45,worldbank,30,2.14,15,1.00,7,0.46,20,1.50,30,2.14,65,4.64,15,1.00,15,1.00
GI,GBP,1.0,"no data; high-income territory, base price",3.79,4.99,1.49,1.99,0.79,0.99,2.29,2.99,3.79,4.99,7.49,9.99,1.49,1.99,1.49,1.99
GM,USD,0.3,worldbank,1.49,1.49,0.59,0.59,0.29,0.29,0.89,0.89,1.49,1.49,2.99,2.99,0.59,0.59,0.59,0.59
GN,USD,0.344,worldbank,1.69,1.69,0.69,0.69,0.39,0.39,0.99,0.99,1.69,1.69,3.49,3.49,0.69,0.69,0.69,0.69
GR,EUR,0.81,worldbank,4.39,3.99,1.79,1.63,0.89,0.81,2.59,2.35,4.39,3.99,8.99,8.17,1.79,1.63,1.79,1.63
GT,USD,0.508,worldbank,2.49,2.49,0.99,0.99,0.49,0.49,1.49,1.49,2.49,2.49,4.99,4.99,0.99,0.99,0.99,0.99
GW,EUR,0.398,worldbank,1.77,1.98,0.7,0.79,0.35,0.39,1.06,1.19,1.77,1.98,3.56,3.99,0.7,0.79,0.7,0.79
HK,HKD,0.987,worldbank,39.9,4.99,15,1.99,8,0.99,23,2.99,39.9,4.99,78,9.99,15,1.99,15,1.99
HN,USD,0.517,worldbank,2.49,2.49,0.99,0.99,0.49,0.49,1.59,1.59,2.49,2.49,4.99,4.99,0.99,0.99,0.99,0.99
HR,EUR,0.774,worldbank,4.19,3.81,1.79,1.63,0.89,0.81,2.69,2.44,4.19,3.81,8.49,7.72,1.79,1.63,1.79,1.63
HT,USD,1.0,worldbank,4.99,4.99,1.99,1.99,0.99,0.99,2.99,2.99,4.99,4.99,9.99,9.99,1.99,1.99,1.99,1.99
HU,HUF,0.761,worldbank,1590,3.80,599,1.49,329,0.80,899,2.24,1590,3.80,3099,7.55,599,1.49,599,1.49
ID,IDR,0.366,worldbank,32000,1.79,12000,0.66,7000,0.38,20000,1.11,32000,1.79,68000,3.80,12000,0.66,12000,0.66
IE,EUR,1.0,worldbank,5.49,4.99,2.19,1.99,1.09,0.99,3.29,2.99,5.49,4.99,10.99,9.99,2.19,1.99,2.19,1.99
IL,ILS,1.0,worldbank,15,4.99,6.1,1.99,3,0.99,9.2,2.99,15,4.99,30.9,9.99,6.1,1.99,6.1,1.99
IN,INR,0.3,worldbank,170,1.54,65,0.56,35,0.32,100,0.88,170,1.54,340,2.95,65,0.56,65,0.56
IQ,IQD,0.481,worldbank,3600,2.38,1500,1.00,740,0.49,2100,1.40,3600,2.38,7250,4.80,1500,1.00,1500,1.00
IS,EUR,1.0,worldbank,5.52,4.99,2.19,1.99,1.09,0.99,3.31,2.99,5.52,4.99,11.05,9.99,2.19,1.99,2.19,1.99
IT,EUR,0.925,worldbank,4.89,4.44,2.09,1.90,0.99,0.90,2.99,2.72,4.89,4.44,9.99,9.08,2.09,1.90,2.09,1.90
JM,USD,0.669,worldbank,3.29,3.29,1.29,1.29,0.69,0.69,1.99,1.99,3.29,3.29,6.49,6.49,1.29,1.29,1.29,1.29
JO,JOD,0.497,worldbank,1.75,2.46,0.7,1.00,0.35,0.50,1.05,1.50,1.75,2.46,3.55,5.00,0.7,1.00,0.7,1.00
JP,JPY,0.876,worldbank,740,4.29,310,1.81,150,0.87,470,2.70,740,4.29,1560,8.96,310,1.81,310,1.81
KE,KES,0.374,worldbank,300,1.87,100,0.66,60,0.59,200,1.20,300,1.87,600,4.00,100,0.66,100,0.66
KG,USD,0.354,worldbank,1.79,1.79,0.69,0.69,0.39,0.39,1.09,1.09,1.79,1.79,3.49,3.49,0.69,0.69,0.69,0.69
KH,USD,0.397,worldbank,1.99,1.99,0.79,0.79,0.39,0.39,1.19,1.19,1.99,1.99,3.99,3.99,0.79,0.79,0.79,0.79
KM,USD,0.597,worldbank,2.99,2.99,1.19,1.19,0.59,0.59,1.79,1.79,2.99,2.99,5.99,5.99,1.19,1.19,1.19,1.19
KN,USD,0.881,worldbank,4.49,4.49,1.79,1.79,0.89,0.89,2.69,2.69,4.49,4.49,8.99,8.99,1.79,1.79,1.79,1.79
KR,KRW,0.849,worldbank,6500,4.32,2500,1.72,1300,0.86,3700,2.51,6500,4.32,13000,8.66,2500,1.72,2500,1.72
KW,USD,0.814,worldbank,3.99,3.99,1.59,1.59,0.79,0.79,2.39,2.39,3.99,3.99,7.99,7.99,1.59,1.59,1.59,1.59
KY,USD,1.0,worldbank,4.99,4.99,1.99,1.99,0.99,0.99,2.99,2.99,4.99,4.99,9.99,9.99,1.99,1.99,1.99,1.99
KZ,KZT,0.522,worldbank,1390,2.68,490,0.89,260,0.53,790,1.49,1390,2.68,2590,4.99,490,0.89,490,0.89
LA,USD,0.305,worldbank,1.49,1.49,0.59,0.59,0.29,0.29,0.89,0.89,1.49,1.49,2.99,2.99,0.59,0.59,0.59,0.59
LB,USD,0.679,worldbank,3.29,3.29,1.39,1.39,0.69,0.69,1.99,1.99,3.29,3.29,6.99,6.99,1.39,1.39,1.39,1.39
LC,USD,0.691,worldbank,3.49,3.49,1.39,1.39,0.69,0.69,1.99,1.99,3.49,3.49,6.99,6.99,1.39,1.39,1.39,1.39
LI,CHF,1.0,"no data; high-income territory, base price",4.5,4.99,1.8,1.99,0.9,0.99,2.7,2.99,4.5,4.99,9,9.99,1.8,1.99,1.8,1.99
LK,LKR,0.337,worldbank,550,1.66,225,0.69,96,0.29,325,0.97,550,1.66,1100,3.33,225,0.69,225,0.69
LR,USD,0.3,worldbank,1.49,1.49,0.59,0.59,0.29,0.29,0.89,0.89,1.49,1.49,2.99,2.99,0.59,0.59,0.59,0.59
LT,EUR,0.829,worldbank,4.29,3.90,1.79,1.70,0.89,0.81,2.69,2.52,4.29,3.90,8.99,8.17,1.79,1.70,1.79,1.70
LU,EUR,1.0,worldbank,4.99,4.99,2.09,1.99,0.99,0.99,3.09,2.99,4.99,4.99,9.99,9.99,2.09,1.99,2.09,1.99
LV,EUR,0.789,worldbank,4.29,3.90,1.69,1.61,0.89,0.81,2.59,2.43,4.29,3.90,8.49,7.72,1.69,1.61,1.69,1.61
LY,USD,0.409,worldbank,1.99,1.99,0.79,0.79,0.39,0.39,1.19,1.19,1.99,1.99,3.99,3.99,0.79,0.79,0.79,0.79
MA,MAD,0.468,worldbank,27.99,2.37,10.99,0.91,5.79,0.48,16.99,1.41,27.99,2.37,56.99,4.74,10.99,0.91,10.99,0.91
MC,EUR,1.0,"no data; high-income territory, base price",5.49,4.99,2.09,1.99,1.09,0.99,3.19,2.99,5.49,4.99,10.99,9.99,2.09,1.99,2.09,1.99
MD,USD,0.576,worldbank,3.35,2.79,1.43,1.19,0.71,0.59,2.03,1.69,3.35,2.79,7.19,5.99,1.43,1.19,1.43,1.19
MK,USD,0.513,worldbank,2.94,2.49,1.17,0.99,0.58,0.49,1.76,1.49,2.94,2.49,5.89,4.99,1.17,0.99,1.17,0.99
ML,EUR,0.346,worldbank,1.51,1.69,0.62,0.70,0.35,0.39,0.88,0.99,1.51,1.69,3.11,3.49,0.62,0.70,0.62,0.70
MM,MMK,0.332,worldbank,4000,2.00,1000,0.50,609,0.30,2000,1.00,4000,2.00,7000,3.33,1000,0.50,1000,0.50
MN,MNT,0.412,worldbank,7150,1.99,2840,0.79,1400,0.39,4270,1.19,7150,1.99,14300,3.98,2840,0.79,2840,0.79
MO,MOP,1.0,worldbank,39.99,4.99,15.99,1.99,7.99,0.99,23.99,2.99,39.99,4.99,80.88,9.99,15.99,1.99,15.99,1.99
MT,EUR,0.937,worldbank,5.04,4.79,1.99,1.89,0.93,0.89,2.94,2.79,5.04,4.79,9.98,9.49,1.99,1.89,1.99,1.89
MU,USD,0.559,worldbank,2.79,2.79,1.09,1.09,0.59,0.59,1.69,1.69,2.79,2.79,5.49,5.49,1.09,1.09,1.09,1.09
MV,USD,0.713,worldbank,3.49,3.49,1.39,1.39,0.69,0.69,2.19,2.19,3.49,3.49,6.99,6.99,1.39,1.39,1.39,1.39
MX,MXN,0.683,worldbank,75,3.56,29,1.37,15,0.71,42,1.93,75,3.56,149,7.12,29,1.37,29,1.37
MY,MYR,0.48,worldbank,10.99,2.49,4.49,0.99,1.99,0.44,5.99,1.38,10.99,2.49,20.99,4.77,4.49,0.99,4.49,0.99
MZ,USD,0.399,worldbank,1.99,1.99,0.79,0.79,0.39,0.39,1.19,1.19,1.99,1.99,3.99,3.99,0.79,0.79,0.79,0.79
NA,USD,0.46,worldbank,2.39,2.39,0.89,0.89,0.49,0.49,1.39,1.39,2.39,2.39,4.49,4.49,0.89,0.89,0.89,0.89
NE,EUR,0.351,worldbank,1.6,1.79,0.62,0.70,0.35,0.39,0.97,1.09,1.6,1.79,3.11,3.49,0.62,0.70,0.62,0.70
NG,NGN,0.3,worldbank,2130,1.49,840,0.59,415,0.29,1270,0.89,2130,1.49,4280,2.95,840,0.59,840,0.59
NI,USD,0.403,worldbank,1.99,1.99,0.79,0.79,0.39,0.39,1.19,1.19,1.99,1.99,3.99,3.99,0.79,0.79,0.79,0.79
NL,EUR,1.0,worldbank,5.49,4.99,2.09,1.99,1.09,0.99,3.19,2.99,5.49,4.99,10.99,9.99,2.09,1.99,2.09,1.99
NO,NOK,1.0,worldbank,59,4.99,24,1.99,12,0.99,36,2.99,59,4.99,119,9.99,24,1.99,24,1.99
NP,USD,0.3,worldbank,1.68,1.49,0.67,0.59,0.33,0.29,1.01,0.89,1.68,1.49,3.38,2.99,0.67,0.59,0.67,0.59
NZ,NZD,0.981,worldbank,9.99,4.99,4.09,1.99,1.99,0.99,5.99,2.99,9.99,4.99,20.99,9.99,4.09,1.99,4.09,1.99
OM,USD,0.648,worldbank,3.49,3.49,1.39,1.32,0.69,0.69,1.99,1.93,3.49,3.49,6.99,6.99,1.39,1.32,1.39,1.32
PA,USD,0.663,worldbank,3.29,3.29,1.29,1.29,0.69,0.69,1.99,1.99,3.29,3.29,6.49,6.49,1.29,1.29,1.29,1.29
PE,PEN,0.614,worldbank,9.99,2.93,4.09,1.16,1.99,0.58,5.99,1.79,9.99,2.93,20.99,6.17,4.09,1.16,4.09,1.16
PG,USD,0.687,worldbank,3.49,3.49,1.39,1.39,0.69,0.69,1.99,1.99,3.49,3.49,6.99,6.99,1.39,1.39,1.39,1.39
PH,PHP,0.402,worldbank,140,2.00,56,0.80,27,0.38,84,1.20,140,2.00,280,3.97,56,0.80,56,0.80
PK,PKR,0.3,worldbank,410,1.46,160,0.58,79,0.29,250,0.91,410,1.46,820,2.98,160,0.58,160,0.58
PL,PLN,0.762,worldbank,17.99,3.74,7.19,1.49,3.79,0.78,10.99,2.35,17.99,3.74,35.99,7.49,7.19,1.49,7.19,1.49
PT,EUR,0.837,worldbank,4.69,4.26,1.89,1.72,0.89,0.81,2.69,2.44,4.69,4.26,9.49,8.63,1.89,1.72,1.89,1.72
PY,PYG,0.453,worldbank,10000,1.66,5000,1.00,2799,0.55,10000,1.50,10000,1.66,30000,5.00,5000,1.00,5000,1.00
QA,QAR,1.0,worldbank,18,4.99,7,1.99,3.5,0.99,11,2.99,18,4.99,36,9.99,7,1.99,7,1.99
RO,RON,0.68,worldbank,19.99,3.44,7.99,1.45,3.99,0.72,10.99,1.93,19.99,3.44,39.99,6.66,7.99,1.45,7.99,1.45
RS,RSD,0.634,worldbank,399,3.07,149,1.19,99,0.66,249,1.87,399,3.07,799,6.14,149,1.19,149,1.19
RU,RUB,0.515,worldbank,209,2.43,85,1.00,45,0.52,139,1.60,209,2.43,429,4.82,85,1.00,85,1.00
RW,USD,0.3,worldbank,1.49,1.49,0.59,0.59,0.29,0.29,0.89,0.89,1.49,1.49,2.99,2.99,0.59,0.59,0.59,0.59
SA,SAR,0.787,worldbank,16.99,3.86,6.89,1.60,3.39,0.78,9.99,2.30,16.99,3.86,34.99,8.13,6.89,1.60,6.89,1.60
SB,USD,0.921,worldbank,4.49,4.49,1.79,1.79,0.89,0.89,2.79,2.79,4.49,4.49,8.99,8.99,1.79,1.79,1.79,1.79
SC,USD,0.712,worldbank,3.49,3.49,1.39,1.39,0.69,0.69,2.19,2.19,3.49,3.49,6.99,6.99,1.39,1.39,1.39,1.39
SE,SEK,1.0,worldbank,65,4.99,25,1.99,12,0.99,37,2.99,65,4.99,125,9.99,25,1.99,25,1.99
SG,SGD,1.0,worldbank,6.98,4.99,2.98,1.99,1.48,0.99,3.99,2.99,6.98,4.99,13.98,9.99,2.98,1.99,2.98,1.99
SI,EUR,0.876,worldbank,4.69,4.26,1.99,1.81,0.99,0.90,2.89,2.63,4.69,4.26,9.99,9.08,1.99,1.81,1.99,1.81
SK,EUR,0.811,worldbank,4.39,3.99,1.79,1.63,0.89,0.81,2.59,2.35,4.39,3.99,8.99,8.17,1.79,1.63,1.79,1.63
SL,USD,0.3,worldbank,1.49,1.49,0.59,0.59,0.29,0.29,0.89,0.89,1.49,1.49,2.99,2.99,0.59,0.59,0.59,0.59
SM,EUR,1.0,worldbank,4.49,4.99,1.79,1.99,0.89,0.99,2.69,2.99,4.49,4.99,8.99,9.99,1.79,1.99,1.79,1.99
SN,XOF,0.409,worldbank,1400,2.05,550,0.78,250,0.35,800,1.14,1400,2.05,2800,4.05,550,0.78,550,0.78
SO,USD,0.3,"no price data; low income, floor",1.49,1.49,0.59,0.59,0.29,0.29,0.89,0.89,1.49,1.49,2.99,2.99,0.59,0.59,0.59,0.59
SR,USD,0.488,worldbank,2.39,2.39,0.99,0.99,0.49,0.49,1.49,1.49,2.39,2.39,4.79,4.79,0.99,0.99,0.99,0.99
SV,USD,0.52,worldbank,2.69,2.69,0.99,0.99,0.49,0.49,1.59,1.59,2.69,2.69,4.99,4.99,0.99,0.99,0.99,0.99
TC,USD,1.0,worldbank,4.99,4.99,1.99,1.99,0.99,0.99,2.99,2.99,4.99,4.99,9.99,9.99,1.99,1.99,1.99,1.99
TD,USD,0.393,worldbank,1.99,1.99,0.79,0.79,0.39,0.39,1.19,1.19,1.99,1.99,3.99,3.99,0.79,0.79,0.79,0.79
TG,EUR,0.39,worldbank,1.77,1.98,0.7,0.79,0.35,0.39,1.06,1.19,1.77,1.98,3.56,3.99,0.7,0.79,0.7,0.79
TH,THB,0.414,worldbank,72,2.05,28,0.77,14,0.38,43,1.17,72,2.05,150,4.28,28,0.77,28,0.77
TJ,USD,0.304,worldbank,1.49,1.49,0.59,0.59,0.29,0.29,0.89,0.89,1.49,1.49,2.99,2.99,0.59,0.59,0.59,0.59
TM,USD,0.3,"no price data; low income, floor",1.49,1.49,0.59,0.59,0.29,0.29,0.89,0.89,1.49,1.49,2.99,2.99,0.59,0.59,0.59,0.59
TN,USD,0.362,worldbank,1.79,1.79,0.69,0.69,0.39,0.39,1.09,1.09,1.79,1.79,3.49,3.49,0.69,0.69,0.69,0.69
TO,USD,0.803,worldbank,3.99,3.99,1.59,1.59,0.79,0.79,2.39,2.39,3.99,3.99,7.99,7.99,1.59,1.59,1.59,1.59
TR,TRY,0.62,worldbank,174.99,2.96,69.99,1.16,34.99,0.60,109.99,1.88,174.99,2.96,354.99,6.01,69.99,1.16,69.99,1.16
TT,USD,0.705,worldbank,3.49,3.49,1.39,1.39,0.69,0.69,2.19,2.19,3.49,3.49,6.99,6.99,1.39,1.39,1.39,1.39
TW,TWD,0.8,"estimate: no World Bank data; high income, price level below US",130,3.82,54,1.60,26,0.76,80,2.39,130,3.82,270,8.17,54,1.60,54,1.60
TZ,TZS,0.3,worldbank,3900,1.50,1600,0.64,765,0.29,2300,0.86,3900,1.50,8000,3.07,1600,0.64,1600,0.64
UA,UAH,0.355,worldbank,94.99,1.76,36.99,0.70,20.99,0.38,59.99,1.12,94.99,1.76,189.99,3.51,36.99,0.70,36.99,0.70
UG,USD,0.384,worldbank,2.23,1.89,0.93,0.79,0.46,0.39,1.4,1.19,2.23,1.89,4.47,3.79,0.93,0.79,0.93,0.79
US,USD,1.0,worldbank,4.99,4.99,1.99,1.99,0.99,0.99,2.99,2.99,4.99,4.99,9.99,9.99,1.99,1.99,1.99,1.99
UY,USD,0.84,worldbank,4.29,4.29,1.69,1.69,0.79,0.79,2.49,2.49,4.29,4.29,8.49,8.49,1.69,1.69,1.69,1.69
UZ,UZS,0.331,worldbank,22380,1.69,9140,0.69,3840,0.29,13110,0.99,22380,1.69,43580,3.29,9140,0.69,9140,0.69
VA,EUR,1.0,no data; base price,4.49,4.99,1.79,1.99,0.89,0.99,2.69,2.99,4.49,4.99,8.99,9.99,1.79,1.99,1.79,1.99
VE,USD,0.3,"no price data; low income, floor",1.49,1.49,0.59,0.59,0.29,0.29,0.89,0.89,1.49,1.49,2.99,2.99,0.59,0.59,0.59,0.59
VG,USD,1.0,"no data; high-income territory, base price",4.99,4.99,1.99,1.99,0.99,0.99,2.99,2.99,4.99,4.99,9.99,9.99,1.99,1.99,1.99,1.99
VN,VND,0.356,worldbank,46000,1.78,18000,0.69,10000,0.38,28000,1.07,46000,1.78,91000,3.51,18000,0.69,18000,0.69
VU,USD,1.0,worldbank,4.99,4.99,1.99,1.99,0.99,0.99,2.99,2.99,4.99,4.99,9.99,9.99,1.99,1.99,1.99,1.99
WS,USD,0.706,worldbank,3.49,3.49,1.39,1.39,0.69,0.69,2.19,2.19,3.49,3.49,6.99,6.99,1.39,1.39,1.39,1.39
YE,USD,0.3,"no price data; low income, floor",1.49,1.49,0.59,0.59,0.29,0.29,0.89,0.89,1.49,1.49,2.99,2.99,0.59,0.59,0.59,0.59
ZA,ZAR,0.495,worldbank,47.99,2.52,18.99,0.99,8.99,0.47,27.99,1.47,47.99,2.52,94.99,4.99,18.99,0.99,18.99,0.99
ZM,USD,0.347,worldbank,1.69,1.69,0.69,0.69,0.39,0.39,0.99,0.99,1.69,1.69,3.49,3.49,0.69,0.69,0.69,0.69
ZW,USD,0.3,worldbank,1.49,1.49,0.59,0.59,0.29,0.29,0.89,0.89,1.49,1.49,2.99,2.99,0.59,0.59,0.59,0.59
